,primary_title,rating
0,Dark Phoenix,22%
1,Spectre,50%
2,The Dark Knight Rises,87%
3,The Lone Ranger,30%
4,John Carter,52%
5,Tangled,89%
6,The Fate of the Furious,67%
7,Battleship,34%
8,Jurassic World,71%
9,Black Panther,48%
10,Titanic,89%
11,Incredibles 2,93%
12,Rogue One,84%
13,Finding Dory,94%
14,Toy Story 3,98%
15,Skyfall,92%
16,Monsters University,80%
17,Oz the Great and Powerful,57%
18,Cars 2,39%
19,Green Lantern,26%
20,Jack the Giant Slayer,52%
21,Star Trek Into Darkness,84%
22,World War Z,66%
23,The Great Gatsby,44%
24,The Good Dinosaur,76%
25,Star Trek Beyond,86%
26,Blade Runner 2049,88%
27,Aladdin,57%
28,Maleficent,54%
29,Fantastic Beasts and Where to Find Them,74%
30,The Legend of Tarzan,36%
31,Hugo,93%
32,Valerian and the City of a Thousand Planets,48%
33,Jupiter Ascending,27%
34,The Meg,46%
35,Edge of Tomorrow,91%
36,Captain Marvel,79%
37,Inside Out,37%
38,Suicide Squad,50%
39,Coco,15%
40,Cars 3,70%
41,Guardians of the Galaxy,91%
42,Iron Man 2,72%
43,Dawn of the Planet of the Apes,90%
44,Snow White and the Huntsman,49%
45,Dumbo,98%
46,Alice Through the Looking Glass,50%
47,Shrek Forever After,58%
48,Big Hero 6,89%
49,How to Train Your Dragon,99%
50,Interstellar,72%
51,Aquaman,65%
52,Inception,87%
53,Godzilla,15%
54,Warcraft,28%
55,Deepwater Horizon,83%
56,War for the Planet of the Apes,94%
57,Wonder Woman,82%
58,Frozen,56%
59,Zootopia,98%
60,Moana,86%
61,Dunkirk,71%
62,Thor,77%
63,Ready Player One,72%
64,Wrath of the Titans,40%
65,Dark Shadows,36%
66,White House Down,52%
67,Mars Needs Moms,37%
68,How to Train Your Dragon 2,91%
69,Tarzan,89%
70,Rise of the Guardians,75%
71,Ghostbusters,97%
72,Kung Fu Panda 3,87%
73,The BFG,65%
74,Gods of Egypt,16%
75,The Croods,71%
76,Rango,88%
77,Turbo,71%
78,Happy Feet Two,45%
79,The Nutcracker and the Four Realms,32%
80,War of the Worlds,75%
81,Penguins of Madagascar,73%
82,Mary Poppins Returns,79%
83,Megamind,72%
84,Rio 2,48%
85,Noah,76%
86,The Adventures of Tintin,74%
87,After Earth,11%
88,Fast Five,77%
89,Teenage Mutant Ninja Turtles,35%
90,The Boss Baby,53%
91,Clash of the Titans,68%
92,Trolls,76%
93,The Bourne Legacy,55%
94,Total Recall,82%
95,Jason Bourne,54%
96,Life of Pi,87%
97,Elysium,45%
98,Oblivion,28%
99,RoboCop,48%
100,Fantastic Four,27%
101,Knight and Day,52%
102,Ferdinand,72%
103,Deadpool 2,83%
104,Gravity,29%
105,San Andreas,50%
106,The Smurfs,21%
107,The Patriot,100%
108,The Smurfs 2,14%
109,Ghost in the Shell,96%
110,Ali,68%
111,The Martian,91%
112,Allied,60%
113,A Wrinkle in Time,40%
114,Bumblebee,91%
115,Cloud Atlas,67%
116,Django Unchained,87%
117,Little Fockers,9%
118,The Expendables 2,68%
119,Hercules,84%
120,Wonder Park,34%
121,The Expendables 3,32%
122,Geostorm,16%
123,Mortal Engines,26%
124,The Peanuts Movie,87%
125,Cinderella,97%
126,Black Hawk Down,76%
127,Sex and the City 2,16%
128,The Campaign,66%
129,Unstoppable,24%
130,Seventh Son,12%
131,A Good Day to Die Hard,14%
132,The Secret Life of Walter Mitty,52%
133,Rio,72%
134,The Girl with the Dragon Tattoo,86%
135,The Magnificent Seven,64%
136,Pixels,17%
137,The Interpreter,83%
138,Now You See Me 2,33%
139,Volcano,80%
140,Eldfjall,81%
141,Conan the Barbarian,64%
142,The Nutcracker in 3D,0%
143,Bright,28%
144,The Predator,32%
145,Cast Away,88%
146,Divergent,41%
147,Hotel Transylvania,45%
148,Tower Heist,67%
149,Mirror Mirror,30%
150,Arthur Christmas,92%
151,Fathers Day,25%
152,The Greatest Showman,57%
153,RED 2,44%
154,Click,34%
155,Jumper,15%
156,The Expendables,42%
157,The Hunger Games,84%
158,The Hangover Part II,33%
159,The Lego Batman Movie,90%
160,Hotel Transylvania 2,56%
161,Grown Ups 2,8%
162,Yogi Bear,13%
163,The Book of Eli,47%
164,Smallfoot,75%
165,Zookeeper,14%
166,The Secret Life of Pets 2,60%
167,Daylight,25%
168,The Last Witch Hunter,18%
169,Timeline,11%
170,Cloudy with a Chance of Meatballs 2,70%
171,The Equalizer 2,52%
172,Despicable Me 2,75%
173,The Secret Life of Pets,73%
174,Sing,43%
175,Despicable Me 3,58%
176,Grown Ups,11%
177,Now You See Me,51%
178,Christopher Robin,73%
179,Life,50%
180,Sucker Punch,45%
181,Virus,18%
182,Minions,55%
183,Unbreakable,70%
184,Angry Birds,43%
185,Driven,63%
186,Olympus Has Fallen,49%
187,War Horse,75%
188,The Monuments Men,30%
189,Storks,66%
190,The Lego Ninjago Movie,56%
191,Dracula Untold,24%
192,The Dilemma,25%
193,The Finest Hours,63%
194,Escape Plan,50%
195,The Legend of Hercules,4%
196,Next,28%
197,Blackhat,32%
198,Dinner for Schmucks,42%
199,Red Sparrow,45%
200,Ted 2,45%
201,Hall Pass,33%
202,Dreamcatcher,28%
203,Downsizing,46%
204,Last Man Standing,37%
205,Need for Speed,22%
206,Unbroken,50%
207,Due Date,39%
208,Annie,57%
209,The Kid,49%
210,This Means War,25%
211,Focus,56%
212,Red Dawn,46%
213,Elektra,11%
214,Live by Night,35%
215,Hop,86%
216,The Hateful Eight,75%
217,Gone Girl,87%
218,2 Guns,64%
219,The Lego Movie,96%
220,Sully,85%
221,Red,72%
222,Eat Pray Love,36%
223,Jack Reacher,64%
224,London Has Fallen,28%
225,Hellboy,81%
226,Baywatch,45%
227,ParaNorman,89%
228,The Boxtrolls,77%
229,The Dark Tower,50%
230,Shooter,47%
231,First Man,86%
232,Edge of Darkness,55%
233,Trouble with the Curve,51%
234,Cold Pursuit,69%
235,Dragonfly,7%
236,Priest,15%
237,Supernova,10%
238,Rock Dog,47%
239,Mortdecai,12%
240,The Ridiculous 6,0%
241,Midway,47%
242,Sherlock Gnomes,27%
243,The Kid Who Would Be King,89%
244,Deadpool,85%
245,American Sniper,72%
246,Red Tails,40%
247,The Internship,35%
248,Bohemian Rhapsody,60%
249,Hitch,69%
250,Fifty Shades Darker,11%
251,Captain Phillips,93%
252,Murder on the Orient Express,90%
253,The Equalizer,59%
254,Fifty Shades Freed,11%
255,Date Night,66%
256,Muppets Most Wanted,80%
257,Kubo and the Two Strings,97%
258,Burlesque,37%
259,The Hunted,64%
260,Annihilation,88%
261,Crimson Peak,73%
262,Bullet to the Head,45%
263,Zero Dark Thirty,91%
264,22 Jump Street,85%
265,Central Intelligence,71%
266,Super 8,81%
267,Creed II,83%
268,The Mule,50%
269,La mula,50%
270,The Emoji Movie,7%
271,The Post,88%
272,We Bought a Zoo,65%
273,Moneyball,94%
274,American Reunion,80%
275,The Book of Life,82%
276,Into the Storm,62%
277,The Nice Guys,92%
278,Marmaduke,9%
279,Hereafter,47%
280,Zoolander 2,22%
281,The Host,9%
282,Run All Night,59%
283,Your Highness,28%
284,Snowden,61%
285,Dream House,9%
286,Free State of Jones,47%
287,Gamer,30%
288,Beautiful Creatures,38%
289,Drive Angry,47%
290,Domino,18%
291,Early Man,80%
292,Child 44,27%
293,Shanghai,4%
294,The One,14%
295,Chappie,33%
296,Anna Karenina,71%
297,Panic Room,75%
298,Taken 3,13%
299,Instant Family,81%
300,Three Kings,94%
301,Tooth Fairy,25%
302,Rambo,77%
303,The Infiltrator,72%
304,Jonah Hex,12%
305,Taken 2,22%
306,Pitch Perfect 3,29%
307,The Muppets,95%
308,The Girl on the Train,76%
309,Office Christmas Party,41%
310,Savages,89%
311,Blended,14%
312,UglyDolls,27%
313,The Pledge,78%
314,Rebound,14%
315,Dredd,79%
316,Welcome to Marwen,34%
317,Johnny English Reborn,38%
318,Pinocchio,0%
319,The Heat,66%
320,A Monster Calls,86%
321,The Mechanic,53%
322,21 Jump Street,86%
323,Here Comes the Boom,41%
324,One for the Money,2%
325,Man on a Ledge,32%
326,The Big Year,42%
327,Fifty Shades of Grey,25%
328,The Proposal,26%
329,American Hustle,92%
330,Lucy,17%
331,Lone Survivor,75%
332,The Social Network,96%
333,Ride Along 2,13%
334,Get Hard,28%
335,Dumb and Dumber To,30%
336,The Intern,60%
337,Bridge of Spies,90%
338,Hacksaw Ridge,84%
339,Unknown,38%
340,Get Him to the Greek,72%
341,The Lincoln Lawyer,83%
342,Horrible Bosses 2,34%
343,The Odd Life of Timothy Green,36%
344,Jersey Boys,51%
345,Final Destination 5,62%
346,Viudas,32%
347,Widows,20%
348,Sex Tape,16%
349,Scream 4,60%
350,Paul,70%
351,The Guilt Trip,37%
352,Colombiana,28%
353,The Commuter,56%
354,Morning Glory,64%
355,Long Shot,85%
356,Grudge Match,31%
357,Huset,22%
358,Big Miracle,75%
359,A Thousand Words,0%
360,The Hurricane Heist,47%
361,Snowpiercer,94%
362,The Last Shot,62%
363,Nomad,6%
364,Kursk,69%
365,Serenity,82%
366,Why Him?,39%
367,Water for Elephants,60%
368,Riddick,57%
369,The Upside,42%
370,Creed,95%
371,The Town,93%
372,Dolphin Tale,81%
373,Game Night,85%
374,Cop Out,19%
375,The Rite,21%
376,Hot Tub Time Machine,64%
377,Dolphin Tale 2,66%
378,Collateral Beauty,14%
379,There Be Dragons,12%
380,Queen of the Desert,18%
381,True Grit,89%
382,Rush Hour,61%
383,Identity Thief,19%
384,Horrible Bosses,69%
385,Trainwreck,85%
386,21,17%
387,Sky High,56%
388,A Nightmare on Elm Street,94%
389,Secretariat,63%
390,Friends with Benefits,69%
391,Radio,35%
392,Poltergeist,85%
393,12 Strong,50%
394,In Time,37%
395,Mile 22,23%
396,Concussion,75%
397,Closer,68%
398,Adrift,69%
399,Abduction,44%
400,Alex Cross,11%
401,Whiskey Tango Foxtrot,68%
402,Premium Rush,74%
403,Broken City,28%
404,Zoom,4%
405,Grimsby,38%
406,Biutiful,66%
407,A Hologram for the King,71%
408,Stolen,67%
409,Trespass,69%
410,The Lovers,90%
411,The Darkest Hour,12%
412,Baby Driver,92%
413,The Maze Runner,65%
414,The Longest Ride,31%
415,The Darkest Minds,16%
416,The House of Magic,73%
417,Mike and Dave Need Wedding Dates,38%
418,Step Up Revolution,41%
419,The Watcher,18%
420,Safe,86%
421,Doomsday,51%
422,Freaks of Nature,45%
423,Bridesmaids,64%
424,The Big Wedding,7%
425,Takers,28%
426,Source Code,92%
427,I Feel Pretty,35%
428,The Incredible Burt Wonderstone,38%
429,Bad Times at the El Royale,75%
430,The Grand Budapest Hotel,91%
431,Frequency,70%
432,Extraordinary Measures,29%
433,Birth of the Dragon,23%
434,Crazy Rich Asians,91%
435,Big Daddy,39%
436,The Butler,72%
437,Looper,93%
438,Warm Bodies,81%
439,The Nut Job,13%
440,Hope Springs,23%
441,Midnight in Paris,93%
442,Life of the Party,39%
443,Letters to Juliet,42%
444,Message in a Bottle,32%
445,Southpaw,69%
446,Sicario,92%
447,Den of Thieves,41%
448,John Wick,87%
449,The Age of Adaline,54%
450,Step Up 3D,47%
451,The Cabin in the Woods,92%
452,Hanna,71%
453,La familia,91%
454,Larry Crowne,37%
455,Carrie,50%
456,Death Wish,68%
457,Entourage,33%
458,Side Effects,11%
459,Deliver Us from Evil,100%
460,Get on Up,80%
461,White Boy Rick,58%
462,Sanctum,29%
463,The Next Three Days,50%
464,Proud Mary,26%
465,Runner Runner,8%
466,Steve Jobs,100%
467,Dead Man Down,40%
468,The Lost City of Z,86%
469,The Space Between Us,16%
470,Machine Gun Preacher,27%
471,United Passions,0%
472,Grace of Monaco,9%
473,Space Pirate Captain Harlock,53%
474,Pitch Perfect 2,65%
475,Night School,28%
476,Logan Lucky,92%
477,Unhinged,25%
478,Straight Outta Compton,89%
479,Girls Trip,91%
480,A Bad Moms Christmas,31%
481,Safe Haven,13%
482,The Big Short,88%
483,Role Models,77%
484,Last Vegas,46%
485,Identity,62%
486,Serendipity,58%
487,30 Minutes or Less,45%
488,3 Days to Kill,28%
489,A Walk Among the Tombstones,68%
490,Brick Mansions,26%
491,American Ultra,43%
492,Pride and Prejudice and Zombies,45%
493,Anonymous,20%
494,Limitless,69%
495,Money Monster,59%
496,The Best of Me,12%
497,Original Sin,12%
498,The Raven,41%
499,The Fifth Estate,36%
500,Viy,80%
501,Accidental Love,9%
502,The Face of an Angel,37%
503,The Help,76%
504,Hidden Figures,93%
505,Ride Along,18%
506,Dear John,29%
507,Chocolat,62%
508,The Lucky One,20%
509,The Giver,35%
510,Million Dollar Arm,65%
511,Peppermint,67%
512,Good Luck Chuck,5%
513,Draft Day,59%
514,Rings,60%
515,Shark Night 3D,18%
516,The Counselor,33%
517,Mary Queen of Scots,62%
518,My Soul to Take,10%
519,Battle of the Sexes,85%
520,The 33,48%
521,The Conspirator,55%
522,Straw Dogs,83%
523,Possession,64%
524,Beautiful Boy,70%
525,Captive State,43%
526,Carnage,70%
527,Tulip Fever,10%
528,Legend,38%
529,Jane Got a Gun,43%
530,On the Road,44%
531,Love Ranch,13%
532,Ironclad,42%
533,The Professor and the Madman,41%
534,Reagan,82%
535,Think Like a Man Too,22%
536,Footloose,52%
537,Going in Style,82%
538,Hitman,15%
539,Piranha 3D,74%
540,Faster,53%
541,Green Book,78%
542,The Wedding Ringer,29%
543,Final Destination,35%
544,The Ides of March,84%
545,The Hate U Give,97%
546,Her,95%
547,Anywhere But Here,64%
548,Eddie the Eagle,82%
549,Braqueurs,40%
550,Redemption,83%
551,Rogue,100%
552,Nocturnal Animals,74%
553,The Water Diviner,61%
554,Son of God,21%
555,Delivery Man,39%
556,Homefront,43%
557,The Glass House,100%
558,The Transporter Refueled,16%
559,Out of the Furnace,54%
560,Just Getting Started,4%
561,Before I Go to Sleep,37%
562,Stone,50%
563,To Rome with Love,46%
564,Silver Linings Playbook,92%
565,Blockers,84%
566,Pet Sematary,51%
567,Death at a Funeral,62%
568,Tinker Tailor Soldier Spy,83%
569,The Beaver,62%
570,Bitter Harvest,61%
571,Molly,14%
572,Velvet Buzzsaw,61%
573,Pulse,11%
574,La La Land,91%
575,The Conjuring,86%
576,Wonder,85%
577,Jackass 3D,65%
578,Bad Moms,58%
579,Tammy,24%
580,Why Did I Get Married Too?,27%
581,12 Years a Slave,95%
582,Me Before You,54%
583,A Simple Favor,84%
584,Selma,99%
585,Acrimony,17%
586,Max,69%
587,The Star,29%
588,Vampires Suck,4%
589,The American,65%
590,Texas Chainsaw 3D,19%
591,Milk,93%
592,You Again,19%
593,On the Basis of Sex,73%
594,Endless Love,28%
595,Monte Carlo,40%
596,Rough Night,44%
597,Psycho,96%
598,Shorts,46%
599,Secret in Their Eyes,89%
600,Flatliners,48%
601,Paparazzi,18%
602,Lockout,25%
603,Burnt,28%
604,Triple 9,54%
605,The Light Between Oceans,61%
606,12 Rounds,30%
607,Let Me In,88%
608,Thank You for Your Service,67%
609,Battle of the Year,6%
610,Inherent Vice,74%
611,Machete Kills,29%
612,Chasing Mavericks,32%
613,A Most Violent Year,89%
614,A Dangerous Method,78%
615,Hands of Stone,45%
616,The Cold Light of Day,4%
617,Suspiria,66%
618,LBJ,58%
619,Equilibrium,41%
620,Middle Men,40%
621,All Good Things,35%
622,Regression,15%
623,Michiel de Ruyter,67%
624,Zambezia,25%
625,Survivor,25%
626,The History of Love,62%
627,Dwegons and Leprechauns,44%
628,Fight Valley,25%
629,Bird Box,63%
630,The Frozen Ground,61%
631,Bad Teacher,44%
632,Sausage Party,82%
633,Leap Year,57%
634,The Book Thief,47%
635,Take Me Home Tonight,28%
636,Action Point,15%
637,Left Behind,16%
638,My Big Fat Greek Wedding 2,27%
639,The Perfect Guy,18%
640,Soul Surfer,45%
641,Uncle Drew,61%
642,Blue Jasmine,91%
643,Miele,100%
644,Ricki and the Flash,65%
645,Love the Coopers,18%
646,Fame,84%
647,Der Kreis,100%
648,127 Hours,93%
649,Norm of the North,9%
650,Jobs,28%
651,And So It Goes,18%
652,Getaway,3%
653,Hamlet,100%
654,The Railway Man,66%
655,Miss Sloane,76%
656,Metallica Through the Never,79%
657,Unforgettable,21%
658,I Am Wrath,11%
659,Wolves,25%
660,Forsaken,7%
661,Red Lights,83%
662,Black Nativity,50%
663,City of Ghosts,47%
664,A Quiet Place,96%
665,The Best Man Holiday,71%
666,Pitch Perfect,80%
667,Evil Dead,95%
668,Almost Christmas,49%
669,Beastly,21%
670,The Apparition,3%
671,Genius,71%
672,Crawl,63%
673,The Young Messiah,49%
674,Moonrise Kingdom,94%
675,The Artist,95%
676,The Roommate,3%
677,Bleed for This,70%
678,The Homesman,81%
679,Zulu,96%
680,The Imitation Game,90%
681,Diary of a Wimpy Kid,54%
682,BlacKkKlansman,96%
683,Krampus,66%
684,End of Watch,85%
685,Wild,50%
686,Drive,68%
687,The Favourite,93%
688,When the Game Stands Tall,20%
689,Home Again,58%
690,Ramona and Beezus,70%
691,The November Man,35%
692,The Place Beyond the Pines,78%
693,Keanu,77%
694,Country Strong,22%
695,A Most Wanted Man,87%
696,The Man with the Iron Fists,51%
697,Miss Bala,87%
698,Killing Them Softly,73%
699,The Founder,80%
700,Dark Blue,59%
701,Queen of Katwe,93%
702,Promised Land,92%
703,Hotel Artemis,58%
704,Scouts Guide to the Zombie Apocalypse,44%
705,You Will Meet a Tall Dark Stranger,46%
706,Rock the Kasbah,7%
707,Never Let Me Go,60%
708,The Disappointments Room,0%
709,The Comedian,50%
710,The Reluctant Fundamentalist,57%
711,The Return,96%
712,Centurion,61%
713,The Son of No One,15%
714,Khumba,44%
715,A Few Best Men,15%
716,In Dubious Battle,30%
717,Broken Horses,25%
718,Blinded by the Light,89%
719,Magic Mike XXL,65%
720,The Possession,39%
721,Superstar,57%
722,The Iron Lady,52%
723,Our Family Wedding,15%
724,Hot Tub Time Machine 2,13%
725,De Pernas pro Ar,44%
726,Fun Size,25%
727,Lost and Found,40%
728,Suffragette,73%
729,Flipped,54%
730,Amen,67%
731,Margaret,74%
732,Seven Psychopaths,83%
733,Under the Skin,88%
734,No Good Deed,25%
735,Black Swan,83%
736,The First Purge,56%
737,Miracles from Heaven,45%
738,Snow Day,29%
739,The Shallows,78%
740,About Last Night,61%
741,Earth to Echo,50%
742,Ex Machina,92%
743,Eye in the Sky,95%
744,Admission,38%
745,The Perks of Being a Wallflower,86%
746,Room,25%
747,Woodlawn,73%
748,Bajrangi Bhaijaan,87%
749,The Vatican Tapes,20%
750,Attack the Block,90%
751,The Killer Inside Me,55%
752,Womb,35%
753,The Drop,89%
754,Machete,72%
755,Casino Jack,40%
756,The Fault in Our Stars,81%
757,Think Like a Man,54%
758,Act of Valor,27%
759,Step Up,21%
760,Chronicle,85%
761,Project X,71%
762,Overboard,44%
763,Philomena,90%
764,Paper Towns,58%
765,Hell or High Water,97%
766,Top Five,85%
767,Project Almanac,36%
768,Just Wright,46%
769,Nebraska,91%
770,Young Adult,80%
771,About Time,68%
772,If Beale Street Could Talk,95%
773,Wish Upon,19%
774,Marshall,81%
775,Arbitrage,88%
776,Kill the Irishman,62%
777,Darling Companion,21%
778,Trash,46%
779,5 Days of War,34%
780,10 Days in a Madhouse,98%
781,Drive Hard,8%
782,The Dressmaker,57%
783,Carol,94%
784,Dirty Grandpa,11%
785,The Fighter,90%
786,If I Stay,35%
787,Brooklyn,97%
788,Woman in Gold,57%
789,Inside Llewyn Davis,92%
790,Frailty,74%
791,Peeples,38%
792,The Gospel of John,37%
793,Brighton Rock,95%
794,LOL,100%
795,Misconduct,7%
796,The Last Days on Mars,18%
797,Housefull,42%
798,Book Club,54%
799,Lady Bird,99%
800,The Best Exotic Marigold Hotel,78%
801,Hereditary,89%
802,The Boy,30%
803,Devil,50%
804,The Second Best Exotic Marigold Hotel,65%
805,How to Be a Latin Lover,39%
806,Calendar Girls,74%
807,Slender Man,8%
808,Sinister 2,16%
809,Sparkle,78%
810,Mud,97%
811,The Disaster Artist,91%
812,Blair Witch,37%
813,Valentine,12%
814,My Week with Marilyn,83%
815,Big Eyes,72%
816,Movie 43,4%
817,Can You Ever Forgive Me?,98%
818,MacGruber,48%
819,Bad Words,65%
820,Bones,23%
821,Seeking a Friend for the End of the World,55%
822,Shut In,7%
823,Cedar Rapids,86%
824,Danny Collins,77%
825,La llamada,33%
826,Gotti,60%
827,The Man Who Knew Infinity,63%
828,Max Steel,0%
829,Rosewater,76%
830,Testament of Youth,84%
831,Free Fire,69%
832,A Better Life,85%
833,Une vie meilleure,48%
834,Gun Shy,24%
835,Killer Joe,79%
836,Churchill,49%
837,50 to 1,29%
838,Parkland,50%
839,Welcome to the Rileys,54%
840,Kicks,50%
841,Severance,66%
842,Edmond,47%
843,Blood Done Sign My Name,52%
844,Motherhood,20%
845,Strangerland,41%
846,Barbecue,86%
847,American Heist,13%
848,Friend Request,16%
849,Gunless,40%
850,Dangal,88%
851,The Runaways,69%
852,Jab Tak Hai Jaan,89%
853,Kites,72%
854,The Strangers,48%
855,Happy Death Day 2U,71%
856,Black or White,39%
857,The Edge of Seventeen,94%
858,Milosc,86%
859,Gracie,61%
860,The Sapphires,91%
861,Greater,67%
862,Destroyer,73%
863,Dheepan,87%
864,Skin Trade,25%
865,Beneath Hill 60,86%
866,Polisse,87%
867,Manchester by the Sea,96%
868,Nightcrawler,95%
869,Baggage Claim,15%
870,The Rover,66%
871,Get Squirrely,14%
872,Yeh Jawaani Hai Deewani,57%
873,Limbo,72%
874,Easy A,85%
875,A Walk in the Woods,47%
876,That Awkward Moment,22%
877,Shutter,59%
878,Enough Said,95%
879,Begin Again,80%
880,See No Evil,9%
881,Me and Earl and the Dying Girl,81%
882,Morgan,67%
883,Anomalisa,92%
884,Another Year,93%
885,Lean on Pete,90%
886,Made in Dagenham,80%
887,El Chicano,38%
888,London Fields,0%
889,Wild Target,33%
890,Wuthering Heights,25%
891,A Street Cat Named Bob,77%
892,Aloft,17%
893,Akira,90%
894,Burn Your Maps,64%
895,Albert Nobbs,56%
896,The Neon Demon,59%
897,Black November,23%
898,Outside Bet,0%
899,The Bye Bye Man,19%
900,3,52%
901,Magic Mike,79%
902,Five Feet Apart,53%
903,Jumping the Broom,57%
904,Kingdom Come,28%
905,Beyond the Lights,84%
906,Cyrus,80%
907,We Need to Talk About Kevin,75%
908,The Christmas Candle,21%
909,Freeheld,83%
910,Dom Hemingway,56%
911,Hesher,55%
912,Gerry,61%
913,Oddball,87%
914,Twixt,26%
915,Criminal Activities,48%
916,House at the End of the Street,13%
917,Two Lovers and a Bear,84%
918,Incendies,93%
919,Annabelle,29%
920,Same Kind of Different as Me,40%
921,Shame,65%
922,The East,76%
923,The Messenger,90%
924,Tracker,85%
925,Het Tweede Gelaat,50%
926,Breaking In,90%
927,Unplanned,42%
928,The Possession of Hannah Grace,18%
929,The Words,24%
930,The Lady in the Van,89%
931,Bernie,92%
932,Casa de mi Padre,42%
933,Wish I Was Here,47%
934,Venus,88%
935,Veronica Mars,79%
936,Snow Flower and the Secret Fan,21%
937,Mandy,95%
938,The 5th Quarter,57%
939,Deadfall,39%
940,Song One,33%
941,Icarus,24%
942,Freaky Deaky,41%
943,The Hit List,22%
944,Trade of Innocents,0%
945,Khiladi 786,0%
946,Shine,91%
947,Don Jon,79%
948,Hell Fest,40%
949,Le Havre,99%
950,Salvation Boulevard,23%
951,R100,71%
952,Animals,20%
953,Grabbers,72%
954,Dum Maaro Dum,50%
955,Get Out,98%
956,Split,51%
957,Paranormal Activity 3,66%
958,10 Cloverfield Lane,90%
959,Happy Death Day,71%
960,Paranormal Activity 4,23%
961,Ouija,46%
962,The Big Sick,98%
963,Monster,81%
964,Oculus,74%
965,No Escape,50%
966,The Lazarus Effect,16%
967,Our Idiot Brother,70%
968,The Way Way Back,84%
969,Race,11%
970,Still Alice,85%
971,Apollo 18,23%
972,Spring Breakers,67%
973,It Comes at Night,87%
974,Before I Fall,65%
975,Fifty Shades of Black,7%
976,The Belko Experiment,53%
977,90 Minutes in Heaven,26%
978,Table 19,26%
979,Green Room,33%
980,The Other Side of the Door,35%
981,Everything Must Go,73%
982,Rabbit Hole,87%
983,Paterson,96%
984,Cop Car,80%
985,Stuck,73%
986,Rudderless,64%
987,Area 51,14%
988,The Cottage,17%
989,Dying of the Light,8%
990,Yoga Hosers,23%
991,Reach Me,4%
992,Born of War,35%
993,The Hatching,29%
994,Mommy,31%
995,The Awakening,62%
996,Hostel,61%
997,Only God Forgives,41%
998,Take Shelter,92%
999,The Boy Who Smells Like Fish,40%
1000,Barfi,86%
1001,The Lobster,87%
1002,Bound,88%
1003,Blackthorn,74%
1004,Maggie,83%
1005,The Sweeney,45%
1006,Falcon Rising,43%
1007,Fugly,30%
1008,Zipper,20%
1009,The Final Girls,72%
1010,Daisy Winters,60%
1011,Animal Kingdom,94%
1012,Cargo,19%
1013,The Boy Next Door,25%
1014,Boyhood,97%
1015,The Kids Are All Right,92%
1016,A Haunted House 2,8%
1017,The Last Exorcism Part II,15%
1018,Saving Grace,77%
1019,The Darkness,3%
1020,Bug,62%
1021,The Art of Getting By,19%
1022,Red State,60%
1023,Holy Motors,92%
1024,The Face of Love,42%
1025,Joe,82%
1026,Desert Dancer,33%
1027,Manglehorn,51%
1028,Stake Land,74%
1029,13 Sins,65%
1030,Another Happy Day,46%
1031,Inescapable,27%
1032,Replicas,45%
1033,The Perfect Wave,35%
1034,Four Lions,82%
1035,Truth or Dare,57%
1036,Winchester,13%
1037,Forever My Girl,25%
1038,First Reformed,93%
1039,American Honey,79%
1040,The Bronze,36%
1041,The Masked Saint,14%
1042,Time to Choose,86%
1043,The Kick,34%
1044,Lords of London,17%
1045,Margin Call,87%
1046,August,36%
1047,The Opposite Sex,20%
1048,Sorry to Bother You,93%
1049,Beginners,85%
1050,Adam,58%
1051,Feast,57%
1052,Antiviral,66%
1053,Paranormal Activity 2,58%
1054,War Room,96%
1055,The Purge,40%
1056,Sinister,22%
1057,Let There Be Light,83%
1058,Water,90%
1059,Swiss Army Man,71%
1060,Frances Ha,92%
1061,Please Give,87%
1062,Letters to God,26%
1063,Die Wand,78%
1064,Damsels in Distress,75%
1065,Oldboy,82%
1066,Hobo with a Shotgun,66%
1067,Bachelorette,56%
1068,The Bounce Back,67%
1069,Holly,65%
1070,Fort McCoy,50%
1071,Before We Go,27%
1072,Demonic,12%
1073,They Came Together,68%
1074,Open Road,29%
1075,Barry Munday,47%
1076,Enter the Dangerous Mind,23%
1077,Amnesiac,0%
1078,Unnatural,17%
1079,Close Range,86%
1080,Freakonomics,66%
1081,Griff the Invisible,63%
1082,Indivisibili,91%
1083,Ida,38%
1084,A Haunted House,9%
1085,The Spectacular Now,91%
1086,Hunt for the Wilderpeople,96%
1087,Super,0%
1088,Underdogs,54%
1089,Metegol,67%
1090,Christmas Mail,36%
1091,8 Days,64%
1092,Antibirth,70%
1093,The Rise of the Krays,22%
1094,Do You Believe?,25%
1095,Bully,54%
1096,Mi America,50%
1097,Infected,9%
1098,The Dead Inside,47%
1099,The Timber,79%
1100,Courageous,36%
1101,It Follows,95%
1102,Eighth Grade,99%
1103,Hardcore Henry,51%
1104,Meet the Mormons,18%
1105,The Florida Project,96%
1106,All Saints,95%
1107,Inside Job,98%
1108,We Are Your Friends,38%
1109,Hearts Beat Loud,92%
1110,The Resurrection of Gavin Stone,50%
1111,The Diary of a Teenage Girl,95%
1112,Locke,91%
1113,The Babadook,98%
1114,Stonewall,63%
1115,The Last Five Years,61%
1116,Knock Knock,25%
1117,Plush,33%
1118,The Ghastly Love of Johnny X,69%
1119,Grave Encounters,67%
1120,Bone Tomahawk,90%
1121,Stitches,22%
1122,Nine Dead,29%
1123,Rockaway,64%
1124,Highway,69%
1125,Small Apartments,30%
1126,Coffee Town,56%
1127,The Curse of Downers Grove,15%
1128,Wind Walkers,36%
1129,The Dog Lover,20%
1130,Shark Lake,16%
1131,Buried,87%
1132,Submarine,88%
1133,The Square,86%
1134,Djinns,17%
1135,The Last Exorcism,72%
1136,Beasts of the Southern Wild,87%
1137,Dysfunctional Friends,53%
1138,Independence Daysaster,15%
1139,I Spit on Your Grave,51%
1140,Dabba,97%
1141,Grace Unplugged,50%
1142,Yes,52%
1143,Two Night Stand,38%
1144,Insidious,66%
1145,Unsane,80%
1146,The To Do List,55%
1147,The Gatekeepers,94%
1148,The Lords of Salem,46%
1149,31,47%
1150,Unsullied,57%
1151,Road Hard,50%
1152,Housebound,95%
1153,Teefa in Trouble,91%
1154,Closer to the Moon,46%
1155,The Lion of Judah,0%
1156,Last I Heard,47%
1157,Mutant World,0%
1158,La chambre bleue,90%
1159,Eddie,18%
1160,Simon,67%
1161,The Algerian,71%
1162,Dear White People,91%
1163,Filly Brown,42%
1164,Da Sweet Blood of Jesus,47%
1165,Blue Like Jazz,39%
1166,Crowsnest,17%
1167,Beyond the Black Rainbow,58%
1168,The Dead Undead,13%
1169,The Vatican Exorcisms,19%
1170,The Devil Inside,6%
1171,Unfriended,62%
1172,Chernobyl Diaries,19%
1173,Blue Valentine,87%
1174,The Green Inferno,38%
1175,I Am Not Your Negro,99%
1176,The Sessions,91%
1177,October Baby,25%
1178,The Skeleton Twins,87%
1179,Obvious Child,90%
1180,Martha Marcy May Marlene,90%
1181,Wu ren qu,81%
1182,Slam,61%
1183,Palo Alto,69%
1184,The Future,72%
1185,23 Blast,36%
1186,The Act of Killing,95%
1187,I Origins,52%
1188,The Invitation,88%
1189,Hardflip,57%
1190,Creative Control,60%
1191,The Perfect Host,45%
1192,The Sisterhood of Night,80%
1193,Heli,59%
1194,Karachi se Lahore,60%
1195,American Hero,30%
1196,Black Rock,53%
1197,My Last Day Without You,45%
1198,Zombie Hunter,7%
1199,A Fine Step,45%
1200,Fear Clinic,19%
1201,Bang Bang Baby,67%
1202,Por amor en el caserio,89%
1203,Ask Me Anything,46%
1204,Food Chains,91%
1205,Fruitvale Station,94%
1206,Meet the Blacks,17%
1207,Circumstance,86%
1208,The Giant Mechanical Man,70%
1209,The Brass Teapot,32%
1210,Hamill,77%
1211,The Hammer,77%
1212,Windsor Drive,78%
1213,Not Cool,14%
1214,Kill List,78%
1215,Safety Not Guaranteed,91%
1216,The Innkeepers,79%
1217,Escape from Tomorrow,57%
1218,After,12%
1219,Treachery,22%
1220,Drunk Wedding,38%
1221,They Will Have to Kill Us First,100%
1222,Irreplaceable,91%
1223,Faith Connections,40%
1224,Beyond the Mat,82%
1225,Groove,57%
1226,Drinking Buddies,83%
1227,Never Again,31%
1228,The Other Dream Team,88%
1229,Rubber,69%
1230,Detention of the Dead,57%
1231,Higher Power,43%
1232,Drones,65%
1233,Enter Nowhere,52%
1234,Girls Gone Dead,12%
1235,The Outrageous Sophie Tucker,74%
1236,Roadside,29%
1237,Love in the Time of Monsters,74%
1238,Fight to the Finish,17%
1239,Sunday,45%
1240,As It Is in Heaven,83%
1241,Blue Ruin,96%
1242,Heroes,59%
1243,Tarnation,92%
1244,I Want Your Money,13%
1245,Jackpot,29%
1246,Arme Riddere,59%
1247,Rotor DR1,67%
1248,3 Backyards,76%
1249,Locker 13,13%
1250,All You Need Is Love,50%
1251,Some Guy Who Kills People,80%
1252,Compliance,89%
1253,Sleight,78%
1254,Like Crazy,72%
1255,November,31%
1256,Happy Valley,89%
1257,The Canyons,21%
1258,Along the Roadside,67%
1259,Rust,54%
1260,The Frozen,16%
1261,Horse Camp,57%
1262,Give Me Shelter,75%
1263,Reality Show,43%
1264,Western Religion,25%
1265,Burn,86%
1266,Swingers,87%
1267,The Grace Card,36%
1268,The Overnight,83%
1269,Middle of Nowhere,88%
1270,The Word,0%
1271,Archaeology of a Woman,43%
1272,Theresa Is a Mother,73%
1273,H.,80%
1274,Weekend,13%
1275,Another Earth,66%
1276,Sparrows Dance,92%
1277,Heroes of Dirt,85%
1278,The Fits,97%
1279,Top Spin,100%
1280,Speak No Evil,7%
1281,Aroused,31%
1282,Sound of My Voice,75%
1283,An American in Hollywood,91%
1284,The Gallows,14%
1285,A Ghost Story,91%
1286,Cheap Thrills,88%
1287,The Past is a Grotesque Animal,71%
1288,Closure,40%
1289,Tiger Orange,100%
1290,Dawn of the Crescent Moon,62%
1291,Queen Crab,0%
1292,Happy Christmas,76%
1293,Supporting Characters,86%
1294,The FP,50%
1295,Hayride,19%
1296,The Dirties,81%
1297,Tiny Furniture,80%
1298,Down and Dangerous,60%
1299,Bending Steel,100%
1300,The Image Revolution,81%
1301,This Is Martin Bonner,93%
1302,Raymond Did It,85%
1303,Foreign Letters,54%
1304,Exeter,24%
1305,Ten,87%
1306,All Superheroes Must Die,24%
1307,Stories of Our Lives,100%
1308,Newlyweds,73%
